x1,x2,x3,x4,x5,x6,x7,x8,x9,x10,x11,x12,x13,x14,x15,x16,x17,x18,x19,x20,x21,x22,x23,x24,x25,x26,x27,x28,x29,x30,x31,x32,x33,x34,x35,x36,x37,x38,x39,x40,x41,x42,x43,x44,x45,x46,x47,x48,x49,x50,x51,x52,x53
287.72856365729126,288.3468484573735,288.4255013215404,288.61122251333285,288.78679639217984,289.04902006980404,289.42680037575514,289.9244191738119,290.2978075074671,290.8244431677577,291.30237315051806,291.77298560087553,292.06860331584284,292.41760862624653,292.68625935303663,292.79053664120744,292.823806361156,292.9885692314439,293.03928130639173,292.977653817221,292.8539421006978,292.7772338806498,292.62595703047424,292.5498612140892,291.6807253560663,290.7638560993452,289.4311834022302,288.36916983945605,289.2061852585104,294.5757592425779,296.06275248860226,297.18211420423916,,,,,,,,,,,,,,,,,,,,,
285.29848822032216,285.89620696887533,285.9804934411218,286.1545786234426,286.3391498048623,286.5970594050627,286.98914665007646,287.4644202395998,287.8773038273134,288.3622082188007,288.8717831699287,289.35136886442825,289.6192821063712,289.9627495995771,290.26016583061863,290.34701002715843,290.40889885074967,290.55578125533464,290.60537047203195,290.55731328037,290.4490298608771,290.33782736972574,290.240507327828,290.14985645012234,289.8537569972594,289.367399531623,289.3270749768762,288.73144542528917,288.9858604699713,293.0735491162444,295.8306698900351,296.9972870078769,297.73600177472827,,,,,,,,,,,,,,,,,,,,
282.93064621110517,283.44608464934464,283.53435355581945,283.71102443932756,283.89352173666305,284.15114952602545,284.54992787140225,285.00812487949946,285.441057555204,285.8993236533217,286.4383149660399,286.95074510482607,287.18798233801516,287.51442669769386,287.84445725825543,287.91295822358137,288.0674853978686,288.1199290746299,288.1865640402188,288.1470120743947,288.1394828804826,288.1644507100071,288.20385819180876,288.12986848132886,289.0775525711028,289.6635255231141,289.2358583075094,288.9477714965879,289.5637779180667,291.8002469376774,293.43704688322146,295.09694393688795,296.99330887062524,295.8141355464917,,,,,,,,,,,,,,,,,,,
280.5699690990472,281.0017107276226,281.0920249456969,281.2767340054396,281.45482780150803,281.71631117329406,282.11292016909584,282.5716991039505,283.00014045596157,283.44848126996715,283.9946585173288,284.6013916355499,284.82572154756616,285.14978886113187,285.53498214417704,285.70524462958826,285.8552809836956,285.8893038826769,286.0220753419064,286.28596470460013,286.8625245850117,287.5003165597622,288.31182160493074,289.7456220561861,291.5506648102465,291.2371870517298,290.0807458446319,291.0871798725629,292.202201965934,290.9657159338483,290.8210883415551,292.4123357411684,294.56265011498766,295.5269630493511,294.13785457586386,293.1592618002202,,,,,,,,,,,,,,,,,
278.0882604546827,278.55379202290925,278.6630507118956,278.83645396849647,279.02157193379475,279.2725719431441,279.68390140122614,280.1539009799366,280.6005133930767,281.05674359845597,281.55071983164896,282.20715808060845,282.56748536030915,282.9913068573733,283.28099083460944,283.38759010250794,283.36957395876414,283.5921848264086,284.49202751229046,286.1588426618686,287.24964084849466,288.298283801588,289.8021154281419,291.92107364441534,293.0630736481976,293.2737168352205,293.4807825847649,293.6530222638671,293.91719971741435,292.32170351532926,290.993578264394,290.59953923793057,291.7031065091365,293.19442144058223,293.8441017029556,292.9740059960687,292.9406257898493,293.72069486178844,,296.6460346102524,295.78731921946445,294.5774328951037,293.39110334169453,294.2122138620082,294.6577850885631,295.4447508227364,,,,,,,
278.1022946973684,276.6032333103919,276.50547251471414,276.55735159934846,276.7366653705127,276.98636755122834,277.4190268010405,277.838027271992,278.23746399504785,278.67731277603036,279.1851662269922,279.55103154575573,280.2101345601507,280.61517041183436,281.04855734909637,281.8675984893083,282.740251647056,285.0304983377734,287.35952899097833,288.1478350210854,288.7726115941965,289.99574218997213,291.44854938322356,292.66299843421314,293.30298714226257,294.3879144710758,295.3360955999459,295.03558085988203,294.52309727220626,293.24277838736623,291.42922822951215,290.04883160708084,289.35683034531843,290.5972641641231,291.7503697055576,291.20405453708753,291.4612316441712,293.140845087577,295.1357153163895,295.94899444341837,294.6898364178228,293.455722326676,292.3879316149781,293.3442852976852,293.998884880042,294.9852203547476,296.27767403692695,297.3859756472506,297.07416169850825,,,,
280.11387476119006,280.2858322867639,280.42643350245675,280.22997479485053,280.00246629056096,279.92205200040223,279.4601242961282,278.81182261183596,278.46079019327163,278.42622325198636,278.7928832634075,279.45214856705394,280.7670118844279,282.5719963014671,284.7912879025858,286.68533829191944,287.60049399532454,288.22718783812087,288.8289201909936,289.203118988812,289.81966133701206,290.75964432317124,291.6314741138662,292.3810810786358,293.09190010595375,294.11076277074795,294.71442372053286,294.50347615688077,293.9160797291385,293.04777746522734,291.52651349249646,290.33033080539116,289.0022528476639,288.7167049886154,289.2721137778992,288.94397921755683,289.21487324118635,291.0604875736536,293.23519068406523,293.46084412446316,292.2416590126189,291.1085429492296,290.2690509346612,290.950960570641,291.42762238172946,292.3976744643119,294.42688190930033,296.42898680991294,296.6553293379136,297.08283080971546,297.1282574922757,297.45758158508954,296.8284767620387
280.495953951001,280.64104008005353,280.90791068012,281.24830293480113,281.60059728664197,281.9645175341037,282.4561889380107,282.99669417934496,283.4584692510624,283.79855221783146,283.93922603483946,284.25440002708433,284.9010152066927,285.6386068793643,286.3847809749563,287.08919070153854,287.7113218972645,288.120694,288.5825284026031,289.04456936762847,289.5113766299639,290.25769572780854,291.09588267645427,291.7941490909756,292.6038410185425,293.092681742988,293.06347692977675,292.9827553440779,292.8875384691219,292.11956148186493,290.6559995607219,289.9970509947169,289.79407008201406,288.211527711865,287.58539929767375,288.56889018138736,289.0052749472326,289.7360967259694,290.9581514287052,291.13701135586746,290.0246975587117,289.7583472959247,289.98321581986704,289.71204139761386,289.25657699003426,290.03937249062426,291.926163980923,293.81823770733934,294.1009115880333,294.9294297455475,295.4448152553469,294.8643536367891,294.39869566521514
280.34031593801836,280.4614162652877,280.71688291361016,281.1170199926379,281.4673163985999,281.5887644609809,281.71926449891254,282.1308806102407,282.6501248475735,283.1077396726614,283.50786191295396,283.97944197191816,284.61114660743084,285.283687854957,285.8282130947801,286.37827232260577,287.0042908026565,287.4522320558794,287.8367237464158,288.16667985154317,288.6596396429773,289.56406785175653,290.4242539539545,291.04914118873603,291.3260295376859,291.2788438599624,291.25641198816396,291.35076022868105,291.22763887067754,290.6216329564002,289.54681729764684,289.0730865589548,288.91472104168423,288.9079072120367,288.6773469341934,289.2358105271884,289.7194359502679,289.3341902936641,289.29278605148204,289.3687466065073,289.1445374639819,289.2502188266052,289.0059255628038,289.05449195201754,288.45516253394567,288.12600712556844,289.5272423472721,291.34967366520783,291.59568270186725,292.37598445861653,292.88335334259347,292.35349342436376,291.9202663798277
279.01174020673545,279.24185543616466,279.43558210903905,279.6108150004973,279.7987601686161,280.03734843251806,280.31875605768505,280.6911634562127,281.16666933920015,281.7619870284065,282.3018687625364,282.70688907176964,283.1198527728581,283.5661685563031,283.9812399181177,284.4090692638901,284.8617300938692,285.1522406628709,285.4306098447298,286.2809207436834,287.3360403994273,287.92279874049433,288.051892814058,288.110236280906,288.0571720985855,288.0888532232015,288.0312919417724,287.93137163163476,287.8798927724367,287.7320250791498,287.40141285807675,287.47642616628667,287.8267738272795,287.9367165034859,287.7741189180868,287.7469179212513,287.4173371611303,287.29812234485144,287.06139670143625,286.700639465413,286.5949109403132,286.80472423207925,286.8040915514626,286.6735402870209,286.82713932073426,287.09268657810424,286.7624013304264,286.62553921820347,286.7882093418611,287.5571440125722,288.02270835938117,287.62788055183245,287.21744329015644
277.12429817484895,277.51811885358836,277.66413375253853,277.7002963693435,277.8436994533224,278.14971807555736,278.4721280674825,278.80267479936253,279.17670381343873,279.6245598328965,280.0583039645805,280.4241529109704,280.8559371626515,281.3575415287968,281.8089403866486,282.18331975246304,282.4224092452186,282.57398499973584,283.11201063797955,284.35633381408536,285.42764536644324,285.62746246809854,285.1408187423458,285.01067516790863,284.9745003702923,284.8960404576689,284.78217064634873,284.72484519038215,284.7715393442589,284.9089280552076,285.05310841655637,285.3866213683949,285.6199535438828,285.5008312180263,285.07350540960965,284.9739163706071,284.4612910042813,284.09054318211224,283.84770905986744,283.88224686919204,283.8385721124047,284.0061650104189,283.94673543057587,283.83354639762683,283.87982354222953,284.04582583900003,283.8091289243267,283.63507082543424,283.4832100205139,283.459452539275,283.8267545691592,283.9652583131309,283.9149988890514
274.35098363354655,274.8053116833296,275.0859170179937,275.2664664817795,275.45527051378764,275.7003886034206,275.9275329415312,276.2116991488443,276.54979538900466,276.91679414540306,277.31401146374446,277.7463271477681,278.2324185700266,278.74856910620906,279.2063101077366,279.6279919297424,280.0149484517367,280.41347723382876,281.0480865280195,281.93649515074543,282.53974363125417,282.5756657290127,282.191438421836,281.8904362932763,281.72763029138974,281.64082255413757,281.6552292695791,281.69489144898813,281.76246211266545,282.00575944035756,282.3986416952496,282.6187384481244,282.666692791737,282.50241252631884,282.1332488244119,282.12678603714943,281.8438684925103,281.2181081958437,280.9633688630607,281.17520119517764,281.38933326071674,281.31386235479386,281.36530564098143,281.36041612204997,281.1050616681606,280.98498931558413,280.8883038288987,280.7223532430831,280.55150862283284,280.62092568212364,280.61817766596204,281.001740750529,280.9956648869262
271.4836902905304,271.8735610713572,272.14917211670127,272.2961777504159,272.3885598230771,272.6181001969633,272.93724948029006,273.26940787765835,273.6196798439858,273.97736486821435,274.357043812716,274.75373791766435,275.13014874829526,275.5478033668057,276.0652290124608,276.6384593209718,277.27962381122035,277.99947929741313,278.66721335770103,279.13328659725136,279.326764494037,279.3060146313147,279.14572711217374,278.76970894272375,278.5819961756933,278.60858654397003,278.83030777004893,279.04553369182423,279.11935050021293,279.19381970382096,279.4338866188677,279.45920617949486,279.394418416797,279.356376427563,279.21797979982506,278.9794445058237,278.92884902453454,278.61390983961246,278.5247514319961,278.6800873617959,278.74124796975855,278.59054775534804,278.6069756889054,278.7845816319371,278.4624442353728,278.1804835209345,277.9853793448031,277.8723260067154,278.01711775571556,278.2212470651255,277.87217330960436,278.0968265709583,278.0195942990085
268.54969294075164,268.8711273908441,269.1267031931844,269.2322623148237,269.2465627141975,269.4468325498774,269.8489584290314,270.23572756542995,270.5933525781138,270.9260854938296,271.25023917593546,271.54286501655383,271.7809254403496,272.14231467000855,272.77602613964126,273.50949458939226,274.3263171016155,275.22340334813845,275.87771541082464,276.1008764163953,276.14209932425064,276.13872551237966,276.0611356600436,275.76415959632976,275.72824657290744,275.90285330941566,276.2295194582791,276.5698321802203,276.6596384574275,276.48102829893037,276.3906213307467,276.3261006858541,276.2422038851843,276.33934730038163,276.4140067824738,275.76735467519,275.7943029870532,276.1731121090707,276.37450842798717,276.3340431931871,275.94142707427596,275.8964572176617,275.7599515624717,275.97023944666876,275.8284300954474,275.56770671999936,275.2162315501285,275.2669358934076,275.72931524563523,275.77270811447005,275.29096346761486,275.15290736028754,275.02265750685433
265.30369109617715,265.65821410619185,266.13625079660613,266.6042820550067,266.9103470772474,266.94447549608924,266.9993799647864,267.27443970852227,267.56971659792555,267.73555521191395,267.9093753881132,268.20471478468465,268.62559788736775,269.31282759429786,270.1024035016939,270.8481761337848,271.6592236351674,272.44224155905374,272.9384682116838,272.98365055600283,273.0478752974648,273.182596912919,273.16999529112167,273.2119202872839,273.41659207101617,273.5355027884052,273.4394977891202,273.3680916805931,273.5065990676962,273.67471918766864,273.91562501444696,274.037913585895,273.99161674252053,273.85979931367797,273.83831344383424,273.4453581477435,273.32584761605654,273.873667891752,274.22266821095053,273.9471724684243,273.54966325598645,273.567567398759,273.53380775114255,273.04886837132636,273.05272288588094,272.959175231239,273.086392860843,273.2344292211517,273.24513372867403,273.0342365783803,272.83487171010273,272.59346354652115,272.45487310369396
261.9975177745411,262.23214543519765,262.5690612314861,262.9815674893516,263.39820009865764,263.729400650504,264.0247917822875,264.30396584702873,264.58524141656477,264.96533474259036,265.4901049620226,266.1718280166605,266.9593197477517,267.72105447936934,268.3012317538007,268.7678155060929,269.2178226430563,269.65803692742605,270.0633104064272,270.21553055009895,270.1746824436887,270.15366965142664,270.2155971342791,270.3997841882577,270.75873486013603,271.02194307024047,271.01899214235084,270.92907407698874,271.004099045558,271.21972041760733,271.2529099117648,271.32266976587135,271.4023051581924,271.39987113351464,271.3305707300093,270.97288770343977,271.00095475935933,271.4769338288622,271.7894058647032,271.54373303341913,271.3944984214529,271.4937056176418,271.26797584615235,270.77232681650645,270.8199282587076,270.8702076747571,270.9402969909207,270.9102727646412,270.79797970780504,270.58500531047457,270.4456845758532,270.26880965514675,270.19470606828963
258.83797633897575,258.9972862500948,259.203029908023,259.49198323930665,259.8896044328578,260.3782426855639,260.86177194387983,261.2117269601569,261.55595743851177,262.10978368232725,262.8680683362826,263.7696142116337,264.72874263537193,265.5009628766544,265.96578889476433,266.2852105478659,266.525411514725,266.7481210649758,267.08756015680626,267.36866018943294,267.30857539891343,267.2133688827015,267.3959304929456,267.6679106569355,268.0413292473107,268.3675844867783,268.53725001554034,268.57497549300086,268.568168530568,268.6983173331313,268.53939000415664,268.5581734483025,268.75759417155376,268.8670725301625,268.7527024001184,268.4066602561078,268.6237351064709,268.93671897835,269.1397859461964,268.967191021665,269.05083779456197,269.17258933987216,268.7958215429369,268.49976905298536,268.58190686706695,268.6991666522504,268.60896180455893,268.40958620156226,268.2732916613888,268.10477552879087,267.95668649149957,267.8206218224229,267.8100977367342
255.8309298106569,255.9802673891864,256.1048679058911,256.2438799664313,256.4995001710155,256.93293777386776,257.46858445657244,257.9568558870326,258.45851746260405,259.06090809821006,259.7732688808437,260.5304612715259,261.249538820144,261.8893949769168,262.4035534653666,262.82766498761123,263.2268546396154,263.56351267726154,263.8410364399229,264.1144962824393,264.3128696827146,264.5598960065036,264.9905032719749,265.36819292506124,265.441782144601,265.43195176137544,265.5638443971504,265.81721824905645,265.7681292014655,265.6862625834851,265.83457370757384,265.99915437444736,266.22439210955196,266.11289765396134,265.9263166701966,265.69550133187386,266.0141355119915,266.0833778565145,266.10380527668923,265.95361573133084,266.09042969862696,266.07476075502456,265.8284170285506,265.8521514412096,266.0118999475676,266.0246520040428,265.8307644185933,265.6433391961118,265.5341881887314,265.372403649193,265.17845658378525,264.92407036290274,264.9355668918676
251.755851631901,251.93653594137865,252.1184199552488,252.33349797989786,252.62791785402806,253.02618909501786,253.5062003336825,254.04063962187718,254.7148130847467,255.56342924426002,256.4454253029917,257.2415402023123,257.8956505052566,258.3862501816968,258.75347678219447,259.0998993253223,259.4892446787166,259.8416684047195,260.1011950947133,260.3736361934627,260.64048224235415,260.9504403259896,261.41299405208207,261.87120797273883,262.0032035072758,262.0328653784112,262.28806351653736,262.7203674117825,262.9966171297342,263.14314341091284,263.1966091674875,263.209106149191,263.4007246436001,263.2644978764472,263.0251580561076,262.9676768813119,263.2066763418908,263.1419955723099,263.0417500047678,262.890800675614,263.026985732824,262.98176919303273,262.8221401298749,262.92976845647104,263.07580176467565,263.0318414332059,262.86578292875834,262.68271585096886,262.4821674162375,262.2990789448775,262.17321391406455,261.97080070175775,261.95219920703545
247.53953668753311,247.74534472194352,247.98663961769907,248.2966193237252,248.65995217024252,249.0434948544711,249.46019404741313,250.01541417074995,250.84058465021124,251.95271995919708,253.0470772893594,253.93773993411227,254.58257637159812,254.9214527924162,255.06964393249802,255.25988735020593,255.5541793761024,255.8589708184727,256.10511082455787,256.36626202302784,256.58460670270665,256.78034780666366,257.12731372324424,257.6318957069038,258.0342643380588,258.33615869182347,258.81616674073547,259.4035857404855,260.2437255151697,260.9061619182745,260.60255199934363,260.26724681007295,260.387278199554,260.35458476087507,260.0757656435446,260.22951635337336,260.27889541955307,260.14635944937146,259.9635498736211,259.79811227363814,259.90215662893513,259.8916568659997,259.7928250270917,259.84753474768775,259.92640033113145,259.8545700717576,259.79304889724057,259.6102010154368,259.2500178116921,259.03015595935557,259.03877340773096,258.9854202628695,258.9076212070459
243.21231651013807,243.46352937763444,243.74701797267207,244.1106422198949,244.59376153635472,245.17857220080862,245.81758645175933,246.53662599961862,247.40450396711708,248.38325670072982,249.23110990123416,249.85902865725768,250.3625449415034,250.733070817417,250.98621869439182,251.21423379523864,251.45888713203578,251.70391930086737,251.9247830980077,252.2051771844851,252.57002193137728,252.99406753832318,253.6416134093378,254.3144362275826,254.90525590269573,255.47859268769233,256.0590877880492,256.48293445689745,257.009965972012,257.50632163744854,257.41663756941796,257.1180143321735,257.15241276184275,257.11813462941745,256.98587194168005,257.27852240948306,257.2257986294519,256.97219321780335,256.7553998428554,256.6492547094814,256.67750522626346,256.64971271837544,256.5545703974979,256.56774539578146,256.50537150527714,256.3874547933707,256.27926036265757,256.09076389513325,255.80503989473115,255.6333569308105,255.64804659659717,255.59740130037406,255.4826087991563
239.06865627068444,239.36204160503542,239.68994775763468,240.1000368683063,240.66773228792496,241.3958072920245,242.19862597176936,243.03384201641612,243.91070180429492,244.75269182751362,245.37783363878742,245.76477504235274,246.1171808067709,246.51091801255552,246.87605025314187,247.15071635935342,247.3461118353381,247.5260120023357,247.71610171192341,248.01763072511844,248.56314669912643,249.28394975953776,250.32636023505518,251.20481862164814,251.97435037732146,252.82504133176334,253.4792143971308,253.66336484714927,253.6499724315848,253.79974130666994,254.0753008584102,253.91354893770406,253.85774084142074,253.7941863725121,253.85931388476374,254.27491818597642,254.1424883543639,253.75411842572493,253.5153575483027,253.4870767267545,253.42974140927117,253.37261283714594,253.26885124663704,253.2438970652612,253.02354443872915,252.8558857620334,252.66872531907856,252.47489356040217,252.314775409743,252.20966567001855,252.20433171179837,252.1274845108006,251.98128433142338
235.49108408948473,235.86589949966321,236.30278548045936,236.7960100195148,237.36564375177963,238.0226143631522,238.7141549170774,239.37005735234936,239.94164668069567,240.4559469563159,240.93579854938815,241.36169891984562,241.78704234213038,242.21274107500335,242.61298071618594,243.05981591694936,243.52377267833373,243.90877940513693,244.2725343665963,244.861421067411,245.86788614982663,246.92621690805007,247.82133797101017,248.41208677855678,248.9176406850801,249.49820930180303,249.9638197447898,250.11167254341268,250.00920331428645,250.01856444802425,250.35116935303853,250.38826049601505,250.36406947789328,250.36087315849537,250.52062874890763,250.851015120938,250.73096263069414,250.26101629548808,250.01281064282105,250.09244769882426,250.03580194087021,249.92034754356305,249.82943061420386,249.75662952393355,249.49114198050756,249.32350165194862,249.151240712984,249.03506091615546,248.90011448776661,248.6165182605409,248.49130609661862,248.43635571828275,248.40700093947564
231.91572069435745,232.3644641876254,232.90296047548017,233.4786546838834,234.0559580579616,234.6472624397837,235.2296838623854,235.70627268828258,235.97259155709645,236.15920208511818,236.49376345998886,236.9586227973385,237.45690387748985,237.9137914047221,238.34535871269878,238.96753675259257,239.72260955115968,240.3456338489143,240.91826738677233,241.8452917644955,243.37141649488572,244.7916850303429,245.46494537052686,245.68475232182206,245.83284050978503,246.0108230741478,246.21302633885358,246.36770465801746,246.29086257684014,246.2161019678341,246.51726449137416,246.77138208343578,246.81287890278782,246.8960571033961,247.12256920678925,247.31457016070547,247.23348123155782,246.69510593038967,246.44195970036571,246.63925831393163,246.60578985637025,246.42515465383698,246.3530569077855,246.23086590623754,245.946870053503,245.79092932535468,245.65480921979008,245.63424285842896,245.50186197629384,244.98736612700316,244.722098283263,244.69971965568894,244.81803520939894
228.35824747832368,228.8105306422435,229.34213011956246,229.92491546891011,230.52250171841288,231.07297557328175,231.53304996409466,231.8746260469393,232.04601050393404,232.22974911712802,232.59795126425126,233.1489674278901,233.7972535677603,234.45629985910975,235.12906332077088,235.8733295188166,236.72262008828844,237.5571880417741,238.32681687007283,239.2040979395682,240.45857713266864,241.64014153407936,242.127632278622,242.24872956098508,242.36271964822592,242.4148527986056,242.49728288814845,242.599852598986,242.56618032055647,242.433113715982,242.65098117757955,242.95705321942197,243.0017136796958,243.0320472732796,243.254479085397,243.42563397542074,243.31832523537366,242.89486398440587,242.67930342392557,242.84746667708217,242.8110684571711,242.63190513437223,242.57995751948235,242.43986427580802,242.15510937977228,241.98819870483936,241.84829627479525,241.81880603006613,241.69016210274296,241.21979040370653,240.94153370049582,240.85344659447586,240.939662286274
224.80077426228988,225.25659709686155,225.78129976364477,226.37117625393685,226.98904537886415,227.49868870677983,227.8336317488468,228.03626794612907,228.12237869241252,228.3379646420057,228.77699162929684,229.44177412923173,230.27807894870747,231.20559162140012,232.20799507838726,233.09499469841222,234.0091898967941,235.07940630823526,236.072432658724,236.74538654080646,237.32212863976628,237.88522603180812,238.14832385536153,238.30936826189404,238.60107144532992,238.73249917367582,238.81067058726168,238.81158456779596,238.8359574486547,238.66746116782824,238.75514743944703,238.96079024929364,238.95018197206542,238.7988007720846,238.95636184001572,239.2199697851796,239.03320769670913,238.89068115631977,238.75260668515398,238.77150187381886,238.71458997703795,238.59452156622794,238.5674039167318,238.4388132895812,238.16979757658098,237.9768248201324,237.80632263387488,237.69593248404135,237.57786197288945,237.35368961755117,237.15299526290758,236.93117176164327,236.86322072872136
222.29937168326882,222.76544602091997,223.24356056675845,223.6574370238597,224.0079924475492,224.30504425164804,224.54702387868113,224.7796149146461,225.06815208642962,225.39685272698355,225.79774945326113,226.41658206564895,227.24324392770458,228.21991577571882,229.33042541890333,230.30008562128285,231.2760677158014,232.50782610184376,233.64574216943817,234.1384620890356,234.1212257849851,234.1259699355669,234.18230405823283,234.37670658130173,234.83786010749427,235.05014554874603,235.12405828637492,235.02331653660593,235.10573457675298,234.9018086196745,234.8593137013145,234.9645272791653,234.89865026443505,234.5655542708896,234.65824459463443,235.01430559493843,234.74809015804456,234.88649832823367,234.82590994638235,234.69553707055553,234.61811149690482,234.55713799808362,234.5548503139812,234.43776230335436,234.1844857733897,233.96473392732926,233.76165141616787,233.56730292255196,233.4594942152205,233.48180548067563,233.3507821416787,232.99234547674953,232.771832599487
220.8090626112313,221.19278365975154,221.53659730256848,221.70341081020527,221.68751886936246,221.6903404692542,221.89414266269077,222.31554442523574,223.06719405225726,223.67644744658776,224.04916674025026,224.53139319791183,225.13891937273732,225.81998371657588,226.56446868564632,227.45492858934182,228.47177387736048,229.52726403213205,230.29289794997035,230.48625114507516,230.28478668609011,230.30323680655832,230.5216786044097,230.72510609268832,230.8298868874211,230.89947815861254,230.722300105275,230.61589183987013,230.84128288186142,230.68782869259104,230.51429714654248,230.58000152378895,230.4706082638532,230.17828395380033,230.2576419596136,230.44802583474626,230.1996404482556,230.3235809446962,230.46436290914335,230.14240060454213,230.02253795849848,230.1572006698074,230.19668004188134,229.92735515306182,229.7194363361716,229.63086975833124,229.2836456704421,228.92777613072835,229.01878219427766,229.41217919452592,229.1594274260728,228.64018841510656,228.3297351854875
220.48854688986575,220.5362914842451,220.4910118026714,220.45334782468956,220.43429914742427,220.44811657508583,220.88289971576975,221.47794614588312,221.70681002537702,221.84930630057673,222.26439516868052,222.6925218509173,222.89195290298056,223.28700726335967,223.938650481601,224.56832842191625,225.15759326167117,225.79695000584027,226.36078446633576,226.58067300085136,226.41184762467552,226.40110590580608,226.54457341688845,226.67661041686077,226.69073079005256,226.5845469883134,226.29439099855568,226.2563300574053,226.4501180229562,226.34040305087996,226.0418430516192,226.06380510646352,225.99737299940034,225.75702051317555,225.80011715888634,225.91451075295288,225.73505153553788,225.66478266303417,225.84664497017093,225.47621108218777,225.36134923998958,225.58602492508598,225.6262309266574,225.3816834232871,225.28820677758645,225.290154446307,224.96269170608366,224.58751180414478,224.60994529767083,224.94883756974988,224.6356658504987,224.3341841430523,224.1996563035182
219.78652114579324,219.71336675132412,219.5990373092919,219.5494328735749,219.64575947640813,219.76456408692115,219.95236969142076,220.2066010141142,220.18312662044787,220.09354432805054,220.2308782372664,220.488872645633,220.6120443937348,220.86824702340536,221.34679024989202,221.62538416433244,221.7119473195299,221.86617770478966,222.20531648877088,222.52645263049126,222.48365078092976,222.41958808084124,222.34875275486658,222.34453304850672,222.4496004891266,222.14116762837256,221.8577213598288,221.9561293309671,221.96375952922995,221.8891342858004,221.47150134427744,221.44354519956534,221.50033001930203,221.31180375649953,221.29485859238392,221.42772437230735,221.35648127526665,220.9397859768271,221.01982643347506,220.72555763513557,220.6551847831391,220.88037559194316,220.88903348648492,220.81413218711722,220.88441385527275,220.94084527167124,220.74938841488162,220.45041992768327,220.22053367463096,220.22509291850105,219.91472935432324,220.05393080903502,220.22224557014147
218.94549012032465,218.8244158583895,218.7686543539301,218.80338483033745,219.09680398990824,219.40669486871334,219.07522641149768,218.60879391576378,218.51940039444193,218.40750769722405,217.91681788985292,217.80579569726697,218.29534424482904,218.68079342279128,218.78226315448796,218.55611328098703,218.27051950471437,218.10598352876127,218.0538911580821,218.22926829468963,218.2057018592617,217.98188498552497,217.84174084483976,217.81471389656423,217.71318702690542,217.55997435668604,217.57349573342103,217.65231014950535,217.61518551717094,217.67669573694735,217.30882620714462,217.04445595806848,217.05152990389985,216.905978799963,216.80272379324956,216.87834519796812,216.88278170356813,216.45305933449498,216.27592135021925,216.3886726418053,216.21167733276397,216.10713582056428,216.33386535705102,216.52831519066513,216.48771413567212,216.4180280096495,216.33313988387266,216.1151973864273,215.7781255386753,215.531695368534,215.49356219719002,215.7283428730676,215.74121958161084
217.58105692983446,217.4816750539582,217.3212531853305,217.2575427482554,217.3157900563389,217.24807930936822,216.8775366978617,216.4992511436064,216.29110807122512,216.08369664129498,215.70627511101162,215.51620354781778,215.7306897018476,215.9637696851851,215.92372841813733,215.48794894991573,214.93980799677993,214.47094778998354,214.09842904769985,214.01155151036315,213.93423005397676,213.6634226813277,213.44363243901748,213.33063267078543,213.12044133263709,213.15439638514658,213.43308081289496,213.54110853370835,213.47026748296946,213.5528779576113,213.28457553016148,212.84156564456822,212.71705581929152,212.5707105750323,212.34698085836456,212.3453310823869,212.41807757835218,212.08072701633935,211.72565613923004,212.0395039749751,211.8250215060495,211.5280259869981,211.85878653551708,212.21677120648215,212.1343700196863,211.98900626496246,211.9573938015477,211.80211493618208,211.4210810323296,211.0141013954836,211.1642902678764,211.46435034659018,211.42115472314362
216.2191771116702,216.13518638305328,215.8698764519451,215.68217569055508,215.45060142801287,214.90059135314175,214.49110909987462,214.29589967910206,213.93407863381117,213.5828391538967,213.53044046190655,213.3863349498871,213.04508571358375,212.9394333389201,212.86078435428587,212.42069099016786,211.71503451393562,210.97554852015648,210.39689025079727,209.91271906896984,209.6736432369862,209.56784458558744,209.26960915209014,208.94901570432054,208.8741207898247,209.1991016217007,209.66906492357037,209.9675101436523,209.90353401865008,209.66428504215185,209.61725160720496,209.18549518975087,208.71223235679648,208.43344143528742,207.9939061178427,207.8658829428532,207.98621721765474,207.99569141280574,207.66835275972315,207.64866389264088,207.5720606115783,207.41500363166386,207.57390379636865,207.84593591242657,207.87775498507222,207.76330801525063,207.66602809147926,207.5329487086733,207.22709087026416,206.82243504441035,206.998460741036,207.30702907142387,207.37434160171435
214.89154284109915,214.70965335275702,214.4855768954647,214.27842836454263,213.93338136089378,213.4077819395433,213.019876780133,212.69860232377408,212.21039424293244,211.77861326632788,211.59252555760526,211.32264870553047,210.79113724119347,210.25029267180426,209.7663559165705,209.19702531824854,208.49517446305137,207.68841294026262,206.98492580927595,206.29828988084083,205.92918525923395,205.79585941998627,205.44862889542986,205.11346689467283,205.14382861322713,205.56250143823326,206.00110196517292,206.2598852666008,206.1391635212449,205.75896618570889,205.88828046985796,205.5633330540147,204.97850809493258,204.69146532650194,204.29829234812902,204.0939754461156,204.1996311846345,204.43786080879661,204.21961355743585,204.0177938843589,204.00243682223612,203.86711495672412,203.76062707843388,203.89103275924097,204.04776229744846,204.04712057317582,204.01766614640886,204.02013236167875,203.95636139309664,203.7725510546575,203.9348877694967,204.10084623913326,204.08911447451462
213.56390857052807,213.28412032246078,213.10127733898432,212.87561832396156,212.42833042986743,211.97237496034026,211.63840994895452,211.18088948916912,210.59225280916775,210.11862362817445,209.71495239901324,209.27940118878635,208.70059927071802,207.71659375466552,206.65438939048886,205.8723231253379,205.27892112082517,204.5754988579627,203.84790098198843,203.2032665661296,202.79922295710503,202.44312289668167,202.11912742313584,202.0904103524278,202.23015582588462,202.4592718858682,202.5032028304849,202.30431101254794,202.00027557438497,201.821835084549,202.04394494721905,202.00371836824388,201.73870047807648,201.6529120268835,201.75846114366828,201.56724875877296,201.52204248611213,201.74334994680365,201.7350393853902,201.56507878152897,201.4668309394882,201.16061359130182,200.64945436028955,200.54845150075266,200.82860665162374,201.03824100183903,201.2293768265796,201.47190559109904,201.8055243566737,202.05394233852076,202.11683050452453,201.94939943088764,201.6378948291379
210.9871673367503,210.56249945196456,210.2106124824224,209.7355121637148,209.08406425571982,208.50259332799922,208.0975156685699,207.7290131782534,207.28610857083137,206.6962517202674,205.90729194692463,205.1863276132041,204.52960836751882,203.6024277711305,202.52161440697694,201.76974884025557,201.3634697916538,200.81990089253864,200.21578146177436,199.83575424295648,199.17698372024236,198.44388330050947,198.0947883434831,197.89303008381913,197.5505252286231,196.97744431859655,196.48873424098616,196.14270990678477,196.1590003735052,196.36204512187885,196.56351658481876,196.58653015580467,196.48998879214753,196.39406291794725,196.4441060560205,196.11160490157633,195.89826117087205,195.88487099988254,195.94542080672682,195.88836223687292,195.75858089408138,195.67994173555496,195.5971721689208,195.63667038044062,195.72225853626995,195.7440255240714,195.86534934744088,196.01524051281828,196.25658667789824,196.4492490907954,196.40950993982673,196.39419471523928,196.53881337173937
208.71556147455573,208.24800086109855,207.96289672997466,207.60859021487738,206.98491498040173,206.26158587952452,205.8234598412361,205.62873748436226,205.27908758555125,204.54799173995545,203.61497786387628,202.87452047181662,202.25157632943038,201.6231091439169,200.79798553112994,200.08156287007537,199.63276269823794,199.07568967109063,198.65685036177942,198.53754866795182,197.8085446260849,197.08775756754085,196.78482419154423,196.1888022122406,195.18678750700687,193.90752952015643,193.2109071237394,193.11701749757606,193.59896471951836,193.9434798728598,193.97963072315363,193.77650501683695,193.55656316198812,193.33130921238384,192.997840074093,192.59737201602871,192.35739606776627,192.1820743127141,192.27900843551265,192.31769586453194,192.1840295000109,192.52031053702453,193.29787139625557,193.78809604798818,193.66863718696268,193.3370977053191,193.20416765773285,193.19179981528956,193.18424950467391,193.0183937419888,192.94426815861328,193.31546053958,194.02261775303367
206.74463371302642,206.34303893620586,206.43933874460626,206.69760959089567,206.41641368818017,205.64988920689177,205.33622618646496,205.38921012587434,205.0168638114295,204.18450784336753,203.4930199971751,203.18606901427268,202.86577607563507,202.46944312771518,201.62480747500814,200.58686147570629,199.662294569929,198.77131550735209,198.40540492700922,198.26749817643037,197.95088729894044,197.88152575887005,197.81315772213028,197.3602907832714,196.27800062179884,195.12809757944746,194.58207252360003,194.43978115767243,194.60162277214332,194.56399121520727,194.45711856101414,194.2114387702341,193.9471001797255,193.93685722428427,194.02591558672975,193.89525536694748,193.652220221589,193.6545280574131,194.10516448063373,194.052123450089,193.72917087071866,194.12065562513607,195.09394926514213,195.8842314176911,196.01168259146837,195.64969122522174,195.41800931181925,195.63956255142946,195.92363177848335,195.6782391033707,195.53375389991587,195.8410777341209,196.23323191840626
206.27076971480557,205.87426212395047,206.09673433548983,206.6052121790889,206.5478027455871,205.84150479509248,205.6003551854096,205.80520989696421,205.49458231887994,204.6999861462912,204.2339937499135,204.21498426217846,204.06621313031886,203.8187458647335,203.02204252040616,201.8040115904547,200.59958600908558,199.60138159525133,199.34578738753112,199.1992052762352,199.11029902848964,199.41391687910425,199.51559940269604,199.21650339201045,198.21582919680282,197.3193815315077,196.924074934463,196.72227549620283,196.66805986564094,196.4532249020414,196.32492626288624,196.08161641540786,195.7426853553637,195.78510231572125,196.10475366672424,196.18830797791566,196.05037735267283,196.2195062341256,196.80421316883908,196.63784371717546,196.1845858288227,196.54418934842394,197.5081343764102,198.31490227227437,198.46200864900493,198.0001692724217,197.63705275718937,197.8971344702213,198.2686196795402,198.00390402201006,197.8459256858006,198.07516096114026,198.22701391232746
208.99194007040367,208.50731116351298,208.33211484144547,208.32381220100433,208.26199084923894,207.88657481978558,207.6209281392847,207.77968100703006,207.76700927319726,207.3823325513878,207.13224978741923,207.06466537385867,206.78442884554522,206.4967057154651,205.957810834167,204.97691819313818,204.0737951708427,203.62380374443032,203.64575186558835,203.52643043546476,203.13178001482743,203.02399280344918,203.11417787252626,203.00247918411435,202.5340641313987,202.197281229526,201.89046880254872,201.54858734198655,201.5216126137544,201.64094919495398,201.77932156596185,201.64601579615447,201.14772746047456,200.80376196216264,200.8245110093901,200.94946125733,201.14896672096654,201.4289731518408,201.58482886968227,201.22373021624983,200.75999258645308,200.86240922447155,201.32236367053014,201.4890790306681,201.1468413191245,200.4328193217322,199.8673724319767,199.74275943184816,199.76707441149725,199.62514957628136,199.58467641581137,199.7180234967581,199.78580519843547
211.68003677485336,211.13312381676917,210.67136708522233,210.2923083234625,210.20697412144654,210.04088136218,209.7284109684739,209.80833675942688,209.9775135007842,209.9169536264161,209.86087414812,209.75510779631165,209.38555370599101,209.07631835217174,208.72282054441615,207.94600905529165,207.31567057285068,207.29338443298218,207.50951085182442,207.39817945927177,206.8070941997378,206.43992717666225,206.54948303199788,206.5931814052775,206.5081257678399,206.54530194927503,206.3072366410123,205.9035229970875,205.86440755612517,206.13553518345933,206.35869035239165,206.20021930029503,205.57508435803976,205.04227434848573,204.93648665722628,205.1291188705748,205.53731050656157,205.85525089479077,205.72006457866195,205.24530920509022,204.79397584527592,204.73867639164732,204.86365461918746,204.62679982917012,204.0221307422253,203.2216455067962,202.5779905866515,202.240528653358,202.06660160022795,202.00221466317467,202.0088906607214,202.05165758350944,202.0560441350253
214.27277295581976,213.7377278334559,213.31876589005415,213.0090466404792,212.84871197782812,212.5289248792834,212.10312976485775,212.00428846969808,211.99595896328034,211.99086784727686,212.05903201644398,211.94770827454008,211.62115934407075,211.35099089703743,210.96139672863632,210.2893298313378,209.85012439743306,209.89747630161216,210.06655115935604,209.91732072803143,209.4709809460756,209.2989527125647,209.52464041272313,209.6390815673221,209.53179245877004,209.45035560412686,209.24775905719127,209.00462971189245,208.86697788028457,208.859457720504,208.769574187532,208.3255068536668,207.70388798668134,207.46230079328862,207.63214125265608,207.95613317242072,208.29219508869588,208.50465824446295,208.4098639834384,208.02008847256863,207.64584928185877,207.66038489950046,207.82081641866415,207.6871771661352,207.29631239419618,206.745971034691,206.2696459794859,206.05485820100122,205.96826193501528,205.88666435928562,205.80208924553776,205.760370545604,205.724599452757
216.86550913678613,216.34233185014264,215.96616469488595,215.7257849574959,215.4904498342097,215.0169683963868,214.4778485612416,214.20024017996928,214.01440442577646,214.06478206813762,214.25718988476794,214.14030875276848,213.85676498215045,213.6256634419031,213.1999729128565,212.63265060738394,212.38457822201545,212.50156817024214,212.62359146688763,212.43646199679105,212.13486769241342,212.15797824846717,212.49979779344838,212.68498172936674,212.5554591497002,212.35540925897868,212.18828147337024,212.1057364266974,211.869548204444,211.58338025754867,211.1804580226723,210.4507944070386,209.83269161532291,209.88232723809148,210.3277958480859,210.7831474742666,211.0470796708302,211.1540655941351,211.09966338821488,210.794867740047,210.49772271844162,210.5820934073536,210.77797821814085,210.7475545031003,210.57049404616703,210.27029656258577,209.96130137232024,209.86918774864444,209.86992226980263,209.77111405539657,209.59528783035412,209.46908350769857,209.39315477048868
219.43856450407958,218.9299204289396,218.5928500849776,218.41465396069023,218.10438155919547,217.48483875266695,216.84052851397075,216.39328065868938,216.040091717882,216.14014112730536,216.44145335004197,216.31506450224256,216.07249948263387,215.88368969650625,215.4345818583075,214.9678392866103,214.89130301044722,215.06551933708573,215.14291400973076,214.93236670259802,214.77089233136303,214.94474675475928,215.33558314081353,215.54621711242845,215.39968038202827,215.11520048037346,215.00204964200117,215.05804907463474,214.73225713262357,214.21470980850256,213.57771384839882,212.68725374013204,212.13491071210825,212.41745469569184,213.04315538017974,213.54932468663503,213.7205177589771,213.72989692901348,213.69018463784792,213.44706132254083,213.21034655527345,213.28809973380726,213.41952223302079,213.42233806258795,213.39754214025393,213.3054598252611,213.1539947600025,213.16948138403185,213.25347309855772,213.15619066977447,212.9094232778513,212.705832509559,212.59240203463207
221.3177902592989,220.95026491590156,220.57300237369802,220.25087603995325,219.88373215356793,219.3695147723399,218.8738286130955,218.51146330391222,218.24163026140897,218.24881115131865,218.32060606893967,218.11700139651526,217.90063273469244,217.83735451497043,217.59991081074176,217.16714988100867,216.96139433184982,217.04013428475204,217.14489609387124,217.12970792175378,217.0712742257953,216.91633055252694,216.68945449896793,216.537471551407,216.5077373701179,216.53800323498234,216.70311996656508,216.7778332757297,216.4987559553013,216.15259756399075,215.8786534669927,215.6716463643291,215.56454852308474,215.67893150147538,215.877736647178,215.9659057152764,215.95162794172575,215.92959923524506,215.79745904017219,215.522859333605,215.28292402074783,215.02080585109772,214.67295954856442,214.44568467064383,214.3481543245453,214.31413261200768,214.29992014598702,214.38742816623622,214.56313979036221,214.57124843722508,214.34905343261386,214.1063396792009,213.96850870810334
230.63208194564635,230.53979198806707,230.10598281729446,229.5867388410186,229.3207727510593,229.19985445317093,228.9608735153223,228.71000800457966,228.65119575740079,228.54005555874562,228.06606473113106,227.4885453357378,227.12076291389076,227.02857285682802,227.17283468490146,227.1769594599843,226.74478389197247,226.2262460621162,226.10025234763253,226.29922554557223,226.444994684386,226.19181111605405,225.6671389433285,225.31901006065704,225.34364475735993,225.6773535019402,225.9677847815535,226.04607664118828,226.465358226902,226.74156862538047,226.80638834643355,226.9027436726619,226.68234755746747,226.03942463497953,225.11507343119652,224.4733586391633,224.51849234019613,224.75265423419887,224.6981205965545,224.5133879169247,224.3660786360767,223.85184170349103,223.5894958052335,224.10139337895873,224.2463748880488,223.7068350401691,223.6964980461614,224.43743534957986,224.7861857025939,224.14054004479547,222.99152078260846,222.2153430796586,222.49825727838194
243.92584965579928,243.8219092963652,243.74651228406077,243.5264841955776,243.14583076099206,242.76872834248655,242.47011889110777,242.23446466505087,242.0336697472836,241.89173451818826,241.8668553422008,241.76902909561719,241.46514160315735,241.16332554549544,240.89734732262818,240.5722719035728,240.32227919745873,240.2341881506681,240.13643750633528,239.9124323622468,239.59754493375127,239.35072678948168,239.30684266790038,239.3339985123965,239.22131842993784,238.92406665123804,238.64889092404107,238.60970405373934,238.45624783401976,238.26772910399725,238.32831591809017,238.57211124309976,238.68824681402975,238.48073701278577,238.32208463587756,238.552982845166,238.97190527395736,239.26190948346954,239.4346934143224,239.74573362148703,240.0336386498415,239.98073295698336,239.5748102923938,239.07556446835716,239.0204294668589,239.2791962722121,239.54442240205952,239.94841534414476,240.42650185278066,240.65642927650936,240.64121819644424,240.4200905170228,239.99050049323438
261.64992562045785,261.792799406819,261.6358324384913,261.4317416295199,261.3192234208857,261.1361162914791,260.9940369676996,261.01286504117974,261.0948960464131,261.30750405289916,261.5687004674182,261.8415679278274,262.0575221700564,261.95076948349475,261.7989645374779,261.9029725398714,261.8518093342007,261.50644936920224,261.1605050730757,260.8327903150046,260.38342128799223,259.83671003391277,259.3553949932592,259.11492741979555,259.014688808978,258.97606978126316,259.0621297572609,259.1185724122884,259.43364310094535,259.7476412922926,259.30999065567244,258.430369685621,258.01484160716444,257.8539945321134,256.9959660655328,255.56350257966244,254.5270329182891,254.25796949210937,254.20867093884664,253.79619592090583,253.2051232405766,252.90274979270157,252.89932604078737,252.85266404122805,252.2949782502878,251.49678292387762,251.06234548221192,250.73145462250596,250.1223550753867,249.6605336489155,249.7774889234162,250.29479014558248,250.8218110417704
270.0007712292647,269.95470829995156,269.92568230571464,269.9061213378353,269.8539209489321,269.7357029218705,269.51596058034147,269.1766048559029,268.8134386180835,268.614954625413,268.7896127876008,269.23333558960593,269.48888113409487,269.5014712072298,269.3727617311989,269.013310823857,268.6062193825005,268.47333707117525,268.6211219502046,268.84856225576334,268.94900906101054,268.76650175172904,268.403795059407,268.0746856507687,267.8285206899871,267.559843626452,267.36276959547547,267.4887741249862,267.5531278697589,267.2581946460869,267.25835956436606,267.9520253154235,268.6304867978027,268.6695166197266,268.39012880127467,268.3062313105544,268.30926626135073,268.26346751250605,265.42832347410183,265.72711200457616,265.92886873554215,265.90140638037167,265.54068047684507,264.8740377993686,264.4463797624718,264.6823629108009,265.01213456181847,264.7713098325528,264.47132709070877,264.81782406601695,265.3091281381468,265.0488893486847,264.15447841032756
249.84000000000003,249.84000000000003,249.84000000000003,249.84000000000003,249.84000000000003,249.84000000000003,249.84000000000003,249.84000000000003,249.84000000000003,249.84000000000003,249.84000000000003,249.84000000000003,249.84000000000003,249.84000000000003,249.84000000000003,249.84000000000003,249.84000000000003,249.84000000000003,249.84000000000003,249.84000000000003,249.84000000000003,249.84000000000003,249.84000000000003,249.84000000000003,249.84000000000003,249.84000000000003,249.84000000000003,249.84000000000003,249.84000000000003,249.84000000000003,249.84000000000003,249.84000000000003,249.84000000000003,249.84000000000003,249.84000000000003,249.84000000000003,249.84000000000003,249.84000000000003,252.35000000000002,252.35000000000002,252.35000000000002,252.35000000000002,252.35000000000002,252.35000000000002,252.35000000000002,252.35000000000002,252.35000000000002,252.35000000000002,252.35000000000002,252.35000000000002,252.35000000000002,252.35000000000002,252.35000000000002
217.07999999999998,217.07999999999998,217.07999999999998,217.07999999999998,217.07999999999998,217.07999999999998,217.07999999999998,217.07999999999998,217.07999999999998,217.07999999999998,217.07999999999998,217.07999999999998,217.07999999999998,217.07999999999998,217.07999999999998,217.07999999999998,217.07999999999998,217.07999999999998,217.07999999999998,217.07999999999998,217.07999999999998,217.07999999999998,217.07999999999998,217.07999999999998,217.07999999999998,217.07999999999998,217.07999999999998,217.07999999999998,217.07999999999998,217.07999999999998,217.07999999999998,217.07999999999998,217.07999999999998,217.07999999999998,217.07999999999998,217.07999999999998,217.07999999999998,217.07999999999998,218.06,218.06,218.06,218.06,218.06,218.06,218.06,218.06,218.06,218.06,218.06,218.06,218.06,218.06,218.06
188.29,188.29,188.29,188.29,188.29,188.29,188.29,188.29,188.29,188.29,188.29,188.29,188.29,188.29,188.29,188.29,188.29,188.29,188.29,188.29,188.29,188.29,188.29,188.29,188.29,188.29,188.29,188.29,188.29,188.29,188.29,188.29,188.29,188.29,188.29,188.29,188.29,188.29,206.19,206.19,206.19,206.19,206.19,206.19,206.19,206.19,206.19,206.19,206.19,206.19,206.19,206.19,206.19
165.3,165.3,165.3,165.3,165.3,165.3,165.3,165.3,165.3,165.3,165.3,165.3,165.3,165.3,165.3,165.3,165.3,165.3,165.3,165.3,165.3,165.3,165.3,165.3,165.3,165.3,165.3,165.3,165.3,165.3,165.3,165.3,165.3,165.3,165.3,165.3,165.3,165.3,188.86,188.86,188.86,188.86,188.86,188.86,188.86,188.86,188.86,188.86,188.86,188.86,188.86,188.86,188.86
190.96,190.96,190.96,190.96,190.96,190.96,190.96,190.96,190.96,190.96,190.96,190.96,190.96,190.96,190.96,190.96,190.96,190.96,190.96,190.96,190.96,190.96,190.96,190.96,190.96,190.96,190.96,190.96,190.96,190.96,190.96,190.96,190.96,190.96,190.96,190.96,190.96,190.96,188.17,188.17,188.17,188.17,188.17,188.17,188.17,188.17,188.17,188.17,188.17,188.17,188.17,188.17,188.17
270.4899999999999,270.4899999999999,270.4899999999999,270.4899999999999,270.4899999999999,270.4899999999999,270.4899999999999,270.4899999999999,270.4899999999999,270.4899999999999,270.4899999999999,270.4899999999999,270.4899999999999,270.4899999999999,270.4899999999999,270.4899999999999,270.4899999999999,270.4899999999999,270.4899999999999,270.4899999999999,270.4899999999999,270.4899999999999,270.4899999999999,270.4899999999999,270.4899999999999,270.4899999999999,270.4899999999999,270.4899999999999,270.4899999999999,270.4899999999999,270.4899999999999,270.4899999999999,270.4899999999999,270.4899999999999,270.4899999999999,270.4899999999999,270.4899999999999,270.4899999999999,228.3299999999999,228.3299999999999,228.3299999999999,228.3299999999999,228.3299999999999,228.3299999999999,228.3299999999999,228.3299999999999,228.3299999999999,228.3299999999999,228.3299999999999,228.3299999999999,228.3299999999999,228.3299999999999,228.3299999999999
390.91,390.91,390.91,390.91,390.91,390.91,390.91,390.91,390.91,390.91,390.91,390.91,390.91,390.91,390.91,390.91,390.91,390.91,390.91,390.91,390.91,390.91,390.91,390.91,390.91,390.91,390.91,390.91,390.91,390.91,390.91,390.91,390.91,390.91,390.91,390.91,390.91,390.91,371.83000000000004,371.83000000000004,371.83000000000004,371.83000000000004,371.83000000000004,371.83000000000004,371.83000000000004,371.83000000000004,371.83000000000004,371.83000000000004,371.83000000000004,371.83000000000004,371.83000000000004,371.83000000000004,371.83000000000004
